mean_fit_time,std_fit_time,mean_score_time,std_score_time,param_colsample_bytree,param_learning_rate,param_max_depth,param_n_estimators,param_subsample,params,split0_test_score,split1_test_score,split2_test_score,split3_test_score,split4_test_score,mean_test_score,std_test_score,rank_test_score,split0_train_score,split1_train_score,split2_train_score,split3_train_score,split4_train_score,mean_train_score,std_train_score
4.067528581619262,1.5906171306602426,0.07259478569030761,0.008994180506116082,0.8,0.01,3,100,0.8,"{'colsample_bytree': 0.8, 'learning_rate': 0.01, 'max_depth': 3, 'n_estimators': 100, 'subsample': 0.8}",-0.23646716550631042,-0.1202975791226748,-0.2773323597113193,-0.14119062613148814,-0.2710388197543361,-0.20926531004522575,0.0659370160501921,107,-0.1565047869468561,-0.1664692150036733,-0.16211353500026182,-0.1583339134797559,-0.14169527906260893,-0.1570233458986312,0.00839131207786571
1.9802046775817872,0.5694676563075914,0.06227355003356934,0.01326038096721585,0.8,0.01,3,100,1.0,"{'colsample_bytree': 0.8, 'learning_rate': 0.01, 'max_depth': 3, 'n_estimators': 100, 'subsample': 1.0}",-0.23632908698668786,-0.11408057591990506,-0.28161466570435745,-0.13723478644610898,-0.2666764883426691,-0.20718712067994569,0.06854174824938546,105,-0.15463243421742412,-0.16685245638036594,-0.1636840420945067,-0.16066315195372205,-0.14885351005538716,-0.1589371189402812,0.006455610194129296
5.549210739135742,0.16652645038800307,0.26413784027099607,0.08598186628671912,0.8,0.01,3,300,0.8,"{'colsample_bytree': 0.8, 'learning_rate': 0.01, 'max_depth': 3, 'n_estimators': 300, 'subsample': 0.8}",0.19662137697754045,0.23533148958418404,0.12988118203982812,0.21675264738354072,0.1632161862908601,0.1883605764551907,0.03776955685460335,63,0.329288867491756,0.3113831808724612,0.33722428523019776,0.3214863897720416,0.32829242334963304,0.3255350293432179,0.008660248532921917
5.974067878723145,0.5744198600156353,0.2289508819580078,0.09563750152786908,0.8,0.01,3,300,1.0,"{'colsample_bytree': 0.8, 'learning_rate': 0.01, 'max_depth': 3, 'n_estimators': 300, 'subsample': 1.0}",0.1914689959660708,0.2318941797656653,0.1153427878526333,0.20316609633982852,0.16580856596535143,0.18153612517790987,0.039322678600180516,72,0.3197806402877532,0.3073808875940003,0.32427172936033144,0.3080714292588087,0.32030906919817626,0.315962751139814,0.006905464795769077
10.779966020584107,1.2424253429157188,0.3120554447174072,0.14646873730488794,0.8,0.01,3,500,0.8,"{'colsample_bytree': 0.8, 'learning_rate': 0.01, 'max_depth': 3, 'n_estimators': 500, 'subsample': 0.8}",0.22583932168721121,0.25511321864388736,0.1544679765013367,0.22797372027474416,0.18698785010767893,0.21007641744297167,0.03527740553621167,30,0.4106951012217538,0.3919591096316154,0.4228107091059994,0.405674962917556,0.4108257203647553,0.408393120648336,0.009965426357385393
10.588802242279053,1.6141240206852192,0.26095075607299806,0.09421147408646457,0.8,0.01,3,500,1.0,"{'colsample_bytree': 0.8, 'learning_rate': 0.01, 'max_depth': 3, 'n_estimators': 500, 'subsample': 1.0}",0.2252594301428884,0.25033079323106555,0.1500511960069204,0.2257657260528244,0.1831265448760636,0.20690673806195248,0.035710450997760844,37,0.39839668627211766,0.36933526653752924,0.40260139595913613,0.38072109438662316,0.39028482620527094,0.38826785387213547,0.012062406839881041
3.683390665054321,0.41004115812502673,0.20692853927612304,0.05532874980324514,0.8,0.01,5,100,0.8,"{'colsample_bytree': 0.8, 'learning_rate': 0.01, 'max_depth': 5, 'n_estimators': 100, 'subsample': 0.8}",-0.2111979412685987,-0.09841017388923201,-0.2519968166660389,-0.10554690539873968,-0.25487742678809777,-0.18440585280214142,0.06908919961581259,100,-0.046915877010489604,-0.05008488028268254,-0.050576995624682874,-0.04304680726773169,-0.027624433043941243,-0.04364979864590559,0.00845268647019565
3.634070348739624,0.2317369850979917,0.21592636108398439,0.04897039560301392,0.8,0.01,5,100,1.0,"{'colsample_bytree': 0.8, 'learning_rate': 0.01, 'max_depth': 5, 'n_estimators': 100, 'subsample': 1.0}",-0.2098589052250257,-0.07967008290009447,-0.2505054324437044,-0.10172359599705416,-0.24240603589899257,-0.17683281049297425,0.07197251667682104,97,-0.04154976974582203,-0.043568289038736774,-0.043037090562274116,-0.049883958480287705,-0.019000962950912692,-0.039408014155606665,0.010594888843604457
11.518681812286378,0.6476126071115574,0.4063988208770752,0.2947326896250342,0.8,0.01,5,300,0.8,"{'colsample_bytree': 0.8, 'learning_rate': 0.01, 'max_depth': 5, 'n_estimators': 300, 'subsample': 0.8}",0.23409242878110836,0.27269434679825766,0.16899666691616,0.26520290532931834,0.18354837907438926,0.22490694537984673,0.0420196703285938,16,0.5462606541230666,0.5350312731802924,0.5530697423301272,0.5508000301064955,0.5421998309312076,0.5454723061342378,0.006425751864591262
11.574420261383057,1.3241954758868728,0.5200151920318603,0.18790556978983886,0.8,0.01,5,300,1.0,"{'colsample_bytree': 0.8, 'learning_rate': 0.01, 'max_depth': 5, 'n_estimators': 300, 'subsample': 1.0}",0.2133986148234317,0.27000069373820945,0.15732736316615037,0.2669172670299115,0.18999113938096013,0.2195270156277326,0.04375420016041014,19,0.5392034081805164,0.5231607740103164,0.5433790622552706,0.5362284109834321,0.5464564138511085,0.5376856138561288,0.00805903715831446
19.75375576019287,1.099400587728987,0.32993464469909667,0.2550930617355453,0.8,0.01,5,500,0.8,"{'colsample_bytree': 0.8, 'learning_rate': 0.01, 'max_depth': 5, 'n_estimators': 500, 'subsample': 0.8}",0.2573829228649087,0.2896696318303895,0.1883748187146551,0.25800620752823,0.19485164769852614,0.23765704572734192,0.03941965937881094,3,0.6648107605688471,0.6524949171964454,0.6728569594579997,0.6708571420809877,0.6608018526298725,0.6643643263868304,0.0073219515075763466
19.092101907730104,1.1629376007547754,0.4891048908233643,0.22029795836704819,0.8,0.01,5,500,1.0,"{'colsample_bytree': 0.8, 'learning_rate': 0.01, 'max_depth': 5, 'n_estimators': 500, 'subsample': 1.0}",0.2409507562705937,0.28731328304718573,0.18254781249608487,0.2595707686163222,0.18633057608732884,0.2313426393035031,0.041058195565269504,8,0.6403485889515124,0.6153393054329539,0.643667456114147,0.6378092131805662,0.6353879641605679,0.6345105055679495,0.009971151197432417
5.24925422668457,0.2698604040202672,0.34708633422851565,0.19628829703374537,0.8,0.01,7,100,0.8,"{'colsample_bytree': 0.8, 'learning_rate': 0.01, 'max_depth': 7, 'n_estimators': 100, 'subsample': 0.8}",-0.21835712035666033,-0.10978337984358366,-0.2544150706802282,-0.12488324258640304,-0.26102770529436214,-0.19369330375224747,0.06419510621128663,103,0.05837716816680738,0.05983997767066496,0.053728227301399145,0.06740474428457899,0.07708799656320464,0.06328762279733102,0.008182687446848616
5.244598007202148,0.3889033053565935,0.3652769088745117,0.0915452657577096,0.8,0.01,7,100,1.0,"{'colsample_bytree': 0.8, 'learning_rate': 0.01, 'max_depth': 7, 'n_estimators': 100, 'subsample': 1.0}",-0.20069699989830303,-0.08953344930709206,-0.24692216398151512,-0.1277082425557572,-0.26429107723319056,-0.1858303865951716,0.06746937852022217,101,0.08192376366988341,0.09409225875693039,0.08932919384770688,0.07783400418339081,0.09679836570311395,0.08799551723220508,0.007163262252613922
16.799414110183715,0.8184011839234364,0.5872032642364502,0.30228553790234186,0.8,0.01,7,300,0.8,"{'colsample_bytree': 0.8, 'learning_rate': 0.01, 'max_depth': 7, 'n_estimators': 300, 'subsample': 0.8}",0.239527392694469,0.27829175404335116,0.17535717321446476,0.2643524316019852,0.19714256473764558,0.23093426325838315,0.039151090940256594,9,0.743639741608854,0.7374702583665307,0.7487417727701273,0.7505804029157224,0.7366201822802789,0.7434104715883028,0.005679391063843716
17.152088356018066,0.9685875585266055,0.24640674591064454,0.25246158058096646,0.8,0.01,7,300,1.0,"{'colsample_bytree': 0.8, 'learning_rate': 0.01, 'max_depth': 7, 'n_estimators': 300, 'subsample': 1.0}",0.25539008330362367,0.2866075666252358,0.18011734400440094,0.25885062125835145,0.19459884953325957,0.2351128929449743,0.040724056105939474,4,0.7625583493677793,0.7489808388385923,0.7651715183396782,0.760803680167992,0.7626571189716788,0.7600343011371441,0.005699332703542618
28.75768413543701,0.9037020983343012,0.6686176776885986,0.4157588242476684,0.8,0.01,7,500,0.8,"{'colsample_bytree': 0.8, 'learning_rate': 0.01, 'max_depth': 7, 'n_estimators': 500, 'subsample': 0.8}",0.2593681695714736,0.28395659779098004,0.19656671168462747,0.25305427133992076,0.2054563207090052,0.23968041421920142,0.03333745077120492,2,0.8616298797404757,0.8542479492513504,0.8606351143382456,0.8649533102076602,0.8571491787213201,0.8597230864518105,0.003699324922645442
30.18683362007141,1.414057603999123,0.7684449195861817,0.6949048740320132,0.8,0.01,7,500,1.0,"{'colsample_bytree': 0.8, 'learning_rate': 0.01, 'max_depth': 7, 'n_estimators': 500, 'subsample': 1.0}",0.2767504464430304,0.29701921406597176,0.19792306453873287,0.2491177498371595,0.19496082164942896,0.24315425930686468,0.04107108173395887,1,0.8597133662140889,0.8433546165141589,0.8586530731774604,0.8603973773027673,0.8545902254254473,0.8553417317267845,0.006322838212784169
1.8827274799346925,0.04396913189226029,0.08211350440979004,0.0374133433018956,0.8,0.05,3,100,0.8,"{'colsample_bytree': 0.8, 'learning_rate': 0.05, 'max_depth': 3, 'n_estimators': 100, 'subsample': 0.8}",0.2345085760522888,0.24682155138465534,0.15522376413882333,0.21753366262453033,0.1935821164246373,0.20953393412498703,0.03250276864588014,32,0.40864018879963426,0.3913243154290116,0.42102568575717003,0.40412643143497695,0.412653234974103,0.4075539712789792,0.009836861370448332
1.9385963916778564,0.03281701115302867,0.0908731460571289,0.027149599440749975,0.8,0.05,3,100,1.0,"{'colsample_bytree': 0.8, 'learning_rate': 0.05, 'max_depth': 3, 'n_estimators': 100, 'subsample': 1.0}",0.21415883388522716,0.26530785928798895,0.1638814617835328,0.21344668597479288,0.1959645036931409,0.21055186892493652,0.03289536979505104,29,0.3962529758718898,0.3762909626330224,0.4055408246786075,0.3820087145630402,0.3860853235294006,0.3892357602551921,0.010438579092400941
5.797815418243408,0.08123827467850879,0.17811946868896483,0.0876635588437617,0.8,0.05,3,300,0.8,"{'colsample_bytree': 0.8, 'learning_rate': 0.05, 'max_depth': 3, 'n_estimators': 300, 'subsample': 0.8}",0.2330034351396395,0.2668964040795322,0.15935942906772982,0.19730203353882425,0.19734014847431747,0.21078029006000865,0.03646722413281281,28,0.6056463335418744,0.6021500601996155,0.6143734290362097,0.6153595144763082,0.6112375038683375,0.6097533682244689,0.005092239647059661
5.85592041015625,0.39601043610127584,0.21585731506347655,0.07073332893862075,0.8,0.05,3,300,1.0,"{'colsample_bytree': 0.8, 'learning_rate': 0.05, 'max_depth': 3, 'n_estimators': 300, 'subsample': 1.0}",0.21185291191162692,0.2648500507589824,0.1810116879692032,0.2181523290281564,0.17947589603336322,0.21106857514026642,0.031127980058485733,27,0.5602553272427473,0.5721151876115487,0.5759315162638254,0.555704267299544,0.5790307603849145,0.568607411760516,0.009064674815070858
10.60835599899292,0.7967946856562517,0.3204756259918213,0.07274413440253844,0.8,0.05,3,500,0.8,"{'colsample_bytree': 0.8, 'learning_rate': 0.05, 'max_depth': 3, 'n_estimators': 500, 'subsample': 0.8}",0.21976105185848305,0.2586164871896214,0.14620877493247464,0.15823470749735669,0.17571494808369315,0.19170719391232577,0.04173760384986209,60,0.7199323553451511,0.7146657849698439,0.7311136101812106,0.7313899878267325,0.7235997531155492,0.7241402982876974,0.006464525546049736
10.620115661621094,1.0008912505549623,0.28376040458679197,0.05632758683149747,0.8,0.05,3,500,1.0,"{'colsample_bytree': 0.8, 'learning_rate': 0.05, 'max_depth': 3, 'n_estimators': 500, 'subsample': 1.0}",0.2009536033372049,0.2562074362303033,0.1824312413813951,0.17686502857168296,0.1492644555872289,0.19314435302156302,0.03561788713186592,59,0.6607977263835518,0.6711704789527786,0.6786415387660315,0.6831247581095758,0.6899714880217656,0.6767411980467407,0.010046182425650075
3.51296648979187,0.18850225282752178,0.15586166381835936,0.08227780000349345,0.8,0.05,5,100,0.8,"{'colsample_bytree': 0.8, 'learning_rate': 0.05, 'max_depth': 5, 'n_estimators': 100, 'subsample': 0.8}",0.25767299333627613,0.26603984602174835,0.17469128573137283,0.23075745443423923,0.19731715772944414,0.22529574745061615,0.034876384248857036,15,0.6638403439942973,0.6491014427104449,0.6691539517000905,0.6684410106128116,0.6485874073870432,0.6598248312809375,0.009150586152045809
3.4389215469360352,0.4953766670523219,0.15993161201477052,0.04787926544845023,0.8,0.05,5,100,1.0,"{'colsample_bytree': 0.8, 'learning_rate': 0.05, 'max_depth': 5, 'n_estimators': 100, 'subsample': 1.0}",0.23548558191054858,0.289711321571841,0.1740746635791004,0.2560821199806341,0.1851674304972296,0.22810422350787074,0.04334845606225975,13,0.634781146989724,0.6176972543088839,0.6537837578480483,0.6306166074021406,0.6312013534905446,0.6336160240078683,0.01163038573928175
10.418356990814209,0.66904175031837,0.3674026966094971,0.03674746010436964,0.8,0.05,5,300,0.8,"{'colsample_bytree': 0.8, 'learning_rate': 0.05, 'max_depth': 5, 'n_estimators': 300, 'subsample': 0.8}",0.2425453096510315,0.2471394074949692,0.17226549914131883,0.16752229516136385,0.17586142799912496,0.20106678788956164,0.03586979631383351,45,0.89026729206461,0.8898958839126988,0.8927912967730647,0.8996417843248631,0.8896355543439728,0.8924463622838419,0.0037695359493474063
11.089737224578858,0.4923095329794044,0.4688409805297852,0.053407726252475404,0.8,0.05,5,300,1.0,"{'colsample_bytree': 0.8, 'learning_rate': 0.05, 'max_depth': 5, 'n_estimators': 300, 'subsample': 1.0}",0.21631999899307885,0.23847531681514156,0.18712647479646083,0.21712125109318248,0.1474474320169833,0.2012980947429694,0.0314925528121254,42,0.8412194935148329,0.8305781721851628,0.8493929767304818,0.8564833869638628,0.8331563807928111,0.8421660820374303,0.009732046324936893
22.53501977920532,1.4819043404972532,0.631031608581543,0.24163348076257216,0.8,0.05,5,500,0.8,"{'colsample_bytree': 0.8, 'learning_rate': 0.05, 'max_depth': 5, 'n_estimators': 500, 'subsample': 0.8}",0.229076325843507,0.23558642230297722,0.15997259705698286,0.12250639025491217,0.1584340816506885,0.18111516342181355,0.04396320966414496,74,0.9598670981007987,0.9608327923061268,0.9608065254817637,0.9647610591958378,0.9590093214391959,0.9610553593047445,0.0019718976474068207
19.81973295211792,1.311643172925627,0.50629563331604,0.1730221584756624,0.8,0.05,5,500,1.0,"{'colsample_bytree': 0.8, 'learning_rate': 0.05, 'max_depth': 5, 'n_estimators': 500, 'subsample': 1.0}",0.2014958777191077,0.2214711483805275,0.18244562302406775,0.17849359314725888,0.1272423247471014,0.18222971340361266,0.031460112616694354,70,0.9352817981162933,0.921723010315274,0.9327900375455679,0.9382078608628132,0.9238518570910336,0.9303709127861964,0.006460201526045025
5.913791131973267,0.5760159368440361,0.44809856414794924,0.10018308792411547,0.8,0.05,7,100,0.8,"{'colsample_bytree': 0.8, 'learning_rate': 0.05, 'max_depth': 7, 'n_estimators': 100, 'subsample': 0.8}",0.259671392946923,0.25472380003241546,0.1947713268987621,0.237011288479548,0.20262251371548612,0.22976006441462693,0.026574854023696942,10,0.8534831756814973,0.8551010482535281,0.8628298093712516,0.8631043685110151,0.8510609901512654,0.8571158783937115,0.0049483080384868615
5.603051090240479,0.43359373969233034,0.3150516986846924,0.15960768615208634,0.8,0.05,7,100,1.0,"{'colsample_bytree': 0.8, 'learning_rate': 0.05, 'max_depth': 7, 'n_estimators': 100, 'subsample': 1.0}",0.2638029691367362,0.28099247467521216,0.18655735998108303,0.2497287065725743,0.1933623098806766,0.23488876404925643,0.03805831919156255,5,0.848098429693469,0.8424372875237542,0.834134822860817,0.8568722891979517,0.8560698751315751,0.8475225408815135,0.008554497762008402
16.396659183502198,1.048083911708646,0.3717643737792969,0.3030874768984128,0.8,0.05,7,300,0.8,"{'colsample_bytree': 0.8, 'learning_rate': 0.05, 'max_depth': 7, 'n_estimators': 300, 'subsample': 0.8}",0.24036446618295582,0.23923029773732907,0.19422014650499309,0.1891267057785223,0.17443466719363465,0.207475256679487,0.027181355940512533,36,0.98525661977968,0.9850692163358197,0.9867283184027819,0.9869259742278191,0.9860824109093563,0.9860125079310913,0.0007500476870391456
16.379513931274413,1.0033696494039122,0.9148444652557373,0.2481781661909007,0.8,0.05,7,300,1.0,"{'colsample_bytree': 0.8, 'learning_rate': 0.05, 'max_depth': 7, 'n_estimators': 300, 'subsample': 1.0}",0.24921939324487197,0.25224118889598435,0.1776346053093829,0.20503897396281756,0.16609955283546907,0.21004674284970518,0.035557974451419325,31,0.9763647034546391,0.9711815785898278,0.968702729375577,0.9753783941219226,0.9792335456150918,0.9741721902314117,0.003761332753790961
27.193565464019777,1.9704164389187626,1.1468220710754395,0.7746194474501503,0.8,0.05,7,500,0.8,"{'colsample_bytree': 0.8, 'learning_rate': 0.05, 'max_depth': 7, 'n_estimators': 500, 'subsample': 0.8}",0.23551550600815752,0.23785334396589808,0.19177695924646132,0.17233531898039978,0.1683802693583497,0.20117227951185326,0.030066978435312103,43,0.9982832799627482,0.9981790194761817,0.9983826417203362,0.9985020762660528,0.9982131771037458,0.9983120389058129,0.00011780819757480609
27.37536492347717,3.5592302911864593,0.9772306919097901,0.6426243280161202,0.8,0.05,7,500,1.0,"{'colsample_bytree': 0.8, 'learning_rate': 0.05, 'max_depth': 7, 'n_estimators': 500, 'subsample': 1.0}",0.2448814598053869,0.24693144288144186,0.17917844745867395,0.18841303945371457,0.15795969594878323,0.20347281710960008,0.0360327221882113,39,0.9945726977867497,0.9940847115528942,0.9936121784782852,0.995728980554341,0.996184632510188,0.9948366401764916,0.000974445829392968
1.9114665508270263,0.13717845827358394,0.07685356140136719,0.034166003335193436,0.8,0.1,3,100,0.8,"{'colsample_bytree': 0.8, 'learning_rate': 0.1, 'max_depth': 3, 'n_estimators': 100, 'subsample': 0.8}",0.22943395039756864,0.25515730293149474,0.13770609502132003,0.23553285950531588,0.20440630770119328,0.21244730311137855,0.04073460194631946,26,0.5228000757509562,0.5150848418337806,0.5432979640981833,0.5282544770896742,0.5363219374920185,0.5291518592529225,0.009905086892310231
1.8588022232055663,0.13671024997943115,0.07491941452026367,0.0030052839121282736,0.8,0.1,3,100,1.0,"{'colsample_bytree': 0.8, 'learning_rate': 0.1, 'max_depth': 3, 'n_estimators': 100, 'subsample': 1.0}",0.2294083560311897,0.26288157665753553,0.1728256684212146,0.2384307471658993,0.19377664258645821,0.21946459817245945,0.032182877370732096,20,0.4990166233766081,0.48493603240852834,0.5081396001601762,0.5021950083296637,0.5152451733804644,0.5019064875310881,0.010131171100959877
5.693318700790405,0.33086943760425447,0.17622456550598145,0.060844395738703906,0.8,0.1,3,300,0.8,"{'colsample_bytree': 0.8, 'learning_rate': 0.1, 'max_depth': 3, 'n_estimators': 300, 'subsample': 0.8}",0.2086259604492886,0.24088873412311773,0.12791850095549973,0.1518591400831606,0.17706004470852232,0.1812704760639178,0.04007953813185069,73,0.7511303780199784,0.7550521772749181,0.7696768503564196,0.7696459700267245,0.7650401156825868,0.7621090982721255,0.007655045432272355
5.84640474319458,0.7446830899058083,0.18371186256408692,0.06587601584018969,0.8,0.1,3,300,1.0,"{'colsample_bytree': 0.8, 'learning_rate': 0.1, 'max_depth': 3, 'n_estimators': 300, 'subsample': 1.0}",0.18791822044881912,0.24353767142326743,0.17109569021595894,0.1410702878697302,0.12434184732414832,0.1735927434563848,0.04144178664452814,80,0.7181010219058722,0.7154442344504421,0.7271790921643014,0.737593549924934,0.7402426526395387,0.7277121102170178,0.009978128548952189
9.733476161956787,0.7166006589365858,0.24570345878601074,0.10263294717934851,0.8,0.1,3,500,0.8,"{'colsample_bytree': 0.8, 'learning_rate': 0.1, 'max_depth': 3, 'n_estimators': 500, 'subsample': 0.8}",0.178961683537587,0.2146098518872066,0.10142820019521781,0.093856614287817,0.14349753089588912,0.1464707761607435,0.04583561185286598,93,0.8619232213300492,0.8635954763102747,0.872712291229197,0.8746077234388917,0.8689392334490187,0.8683555891514863,0.004948630252080852
9.39961142539978,0.8594461235112691,0.33675012588500974,0.08568585276902715,0.8,0.1,3,500,1.0,"{'colsample_bytree': 0.8, 'learning_rate': 0.1, 'max_depth': 3, 'n_estimators': 500, 'subsample': 1.0}",0.1580834299485634,0.22416900103985482,0.16343352355110297,0.08914909303136387,0.09022127547676273,0.14501126460952957,0.05079120689751601,94,0.8341917338952212,0.829288725425234,0.8364540297846625,0.8494651863030684,0.846608356391963,0.8392016063600298,0.007630389595050561
3.4313773632049562,0.22211519402616908,0.19169940948486328,0.05209337904889854,0.8,0.1,5,100,0.8,"{'colsample_bytree': 0.8, 'learning_rate': 0.1, 'max_depth': 5, 'n_estimators': 100, 'subsample': 0.8}",0.24057633804027767,0.21045789673903548,0.1763675693883393,0.191483696953336,0.1684031236721799,0.19745772495863367,0.025895454384530794,52,0.8101034083080605,0.8079993874903801,0.8158348699216116,0.8108178861084718,0.8071248709141723,0.8103760845485393,0.0030425961842579356
3.5310203075408935,0.42850484545049006,0.1665438175201416,0.035491629697066304,0.8,0.1,5,100,1.0,"{'colsample_bytree': 0.8, 'learning_rate': 0.1, 'max_depth': 5, 'n_estimators': 100, 'subsample': 1.0}",0.2242581850820503,0.28000694301490947,0.18417228597249535,0.20498011022866225,0.18067182548279448,0.21481786995618238,0.036167998239515456,23,0.7568945192956544,0.7538829570227121,0.7773099420386197,0.7627471564771299,0.7741074543363013,0.7649884058340836,0.009261128347069766
10.865258264541627,0.9678686498342609,0.3212600231170654,0.2211000010898478,0.8,0.1,5,300,0.8,"{'colsample_bytree': 0.8, 'learning_rate': 0.1, 'max_depth': 5, 'n_estimators': 300, 'subsample': 0.8}",0.21304751867136718,0.15700435678104363,0.16798708037300736,0.12658683726420938,0.13952941449891876,0.16083104151770927,0.029728228111052732,87,0.9744221225140132,0.9765197409540995,0.9759054241082433,0.9766125769734456,0.9753097908217601,0.9757539310743123,0.0008145750176172916
10.472369861602782,0.5620671699027663,0.3971878528594971,0.16328278178541067,0.8,0.1,5,300,1.0,"{'colsample_bytree': 0.8, 'learning_rate': 0.1, 'max_depth': 5, 'n_estimators': 300, 'subsample': 1.0}",0.18182279220296238,0.24601074991476757,0.1725837295808349,0.12158513515590785,0.12189820569406973,0.16878012250970847,0.04598788845879268,85,0.9602998704038029,0.950599406942069,0.9526748052207549,0.9573630704097738,0.9569326714232519,0.9555739648799305,0.003479440141599798
18.075149869918825,1.3512065791214707,0.9693739414215088,0.1383092164169646,0.8,0.1,5,500,0.8,"{'colsample_bytree': 0.8, 'learning_rate': 0.1, 'max_depth': 5, 'n_estimators': 500, 'subsample': 0.8}",0.19931221347252903,0.15283612690183734,0.15477976200660326,0.10065082551976323,0.1275137197041064,0.14701852952096786,0.03273869921222592,92,0.9959765845202662,0.9959045298963466,0.9958975887783765,0.9962191417648564,0.9960085057426192,0.996001270140493,0.00011682318106838375
17.508828496932985,1.2185916505018715,0.43897075653076173,0.24015038368541114,0.8,0.1,5,500,1.0,"{'colsample_bytree': 0.8, 'learning_rate': 0.1, 'max_depth': 5, 'n_estimators': 500, 'subsample': 1.0}",0.17491161116297949,0.22919557455600015,0.16900055405639236,0.09528043318217083,0.09866535608123062,0.15341070580775468,0.05064555369013713,89,0.9908776526375206,0.9873526404865793,0.989726687301912,0.9913663720130842,0.9910460971572377,0.9900738899192667,0.0014688416875930591
5.1410879611969,0.24410059472951626,0.39687671661376955,0.0991274703693519,0.8,0.1,7,100,0.8,"{'colsample_bytree': 0.8, 'learning_rate': 0.1, 'max_depth': 7, 'n_estimators': 100, 'subsample': 0.8}",0.25823961359661707,0.2294014506018086,0.14255303396960506,0.18672654619489704,0.1884989466235889,0.20108391819730334,0.03964602428204432,44,0.9586621575526022,0.9506663630614882,0.9567071044533312,0.9547706390947116,0.9503794949654777,0.9542371518255222,0.0032740799984697466
5.562963056564331,0.27243399733544776,0.15585017204284668,0.10947948165858479,0.8,0.1,7,100,1.0,"{'colsample_bytree': 0.8, 'learning_rate': 0.1, 'max_depth': 7, 'n_estimators': 100, 'subsample': 1.0}",0.24905946147678637,0.25444933341483444,0.20721428852678192,0.1919445531228594,0.16534417994321426,0.21360236329689525,0.03395409041795959,25,0.9393381269893709,0.9255485543639561,0.9410706802974915,0.9495608874258317,0.9428362154328014,0.9396708929018903,0.007865644819005289
16.56623330116272,1.2595310154007877,0.6208512783050537,0.33228498174375953,0.8,0.1,7,300,0.8,"{'colsample_bytree': 0.8, 'learning_rate': 0.1, 'max_depth': 7, 'n_estimators': 300, 'subsample': 0.8}",0.2437924159868995,0.2109913814115313,0.13906098246727394,0.1623610845237322,0.16247100885050536,0.18373537464798845,0.038090872835573865,67,0.9993752437697376,0.9993521368113005,0.9992978252543792,0.9994592325411454,0.9992475731242929,0.999346402300171,7.17249101018781e-05
16.042356491088867,1.9722192085627563,0.7833220005035401,0.30047829621141187,0.8,0.1,7,300,1.0,"{'colsample_bytree': 0.8, 'learning_rate': 0.1, 'max_depth': 7, 'n_estimators': 300, 'subsample': 1.0}",0.23569394624195283,0.22978697588252306,0.2028125220135556,0.16364270133332237,0.1573819524036828,0.19786361957500734,0.03251019086774072,51,0.9980975859017117,0.9973991166177596,0.9981720966095016,0.9984628342105616,0.9981306108003684,0.9980524488279805,0.00035148865703571415
28.8408992767334,1.2685693626537495,1.4567774772644042,0.7801602606798744,0.8,0.1,7,500,0.8,"{'colsample_bytree': 0.8, 'learning_rate': 0.1, 'max_depth': 7, 'n_estimators': 500, 'subsample': 0.8}",0.24265139121610246,0.20812439970461305,0.13836569749441485,0.15896752661998692,0.16012632778072333,0.18164706856316812,0.038140155833152695,71,0.9999885097007506,0.999987567168142,0.9999858199552941,0.9999892921183983,0.9999862277223761,0.9999874833329923,1.3172355247801675e-06
26.365377759933473,2.5516417775342624,1.0474671363830566,0.6329732177531976,0.8,0.1,7,500,1.0,"{'colsample_bytree': 0.8, 'learning_rate': 0.1, 'max_depth': 7, 'n_estimators': 500, 'subsample': 1.0}",0.23178480668731916,0.22630985958490324,0.20107975393609046,0.15849947339322346,0.15742376492820953,0.19501953170594916,0.03198328530804169,58,0.9999135072265949,0.9998842538142937,0.9999154076180414,0.9999353179219883,0.9999372284322555,0.9999171430026348,1.9139912817940797e-05
1.9913114547729491,0.13879638001348088,0.10560297966003418,0.03850914324869805,1.0,0.01,3,100,0.8,"{'colsample_bytree': 1.0, 'learning_rate': 0.01, 'max_depth': 3, 'n_estimators': 100, 'subsample': 0.8}",-0.2394954099331923,-0.11779541929643411,-0.28003299687094985,-0.1375174417673375,-0.2702605226458352,-0.2090203581027498,0.06805371100364802,106,-0.15383871419402073,-0.16277009075431792,-0.158915788797106,-0.15784786795128092,-0.14091259016344115,-0.15485701037203334,0.007530199659499398
2.1186721324920654,0.07942322159120567,0.10616574287414551,0.027254805835424438,1.0,0.01,3,100,1.0,"{'colsample_bytree': 1.0, 'learning_rate': 0.01, 'max_depth': 3, 'n_estimators': 100, 'subsample': 1.0}",-0.25363440153686656,-0.11728406660703516,-0.2809946842975557,-0.14381134255696248,-0.2640055646927433,-0.21194601193823265,0.06755598431004306,108,-0.1583928062327682,-0.16769479916698504,-0.16132067251916027,-0.16649593263798224,-0.14997910293933892,-0.16077666269924692,0.00637395757632711
5.961377239227295,0.27519304502750436,0.24311819076538085,0.06741652902226465,1.0,0.01,3,300,0.8,"{'colsample_bytree': 1.0, 'learning_rate': 0.01, 'max_depth': 3, 'n_estimators': 300, 'subsample': 0.8}",0.19493841558595326,0.23755836546982856,0.12254868834063848,0.2074881455786356,0.1618921487235253,0.18488515273971623,0.03949922466557919,66,0.33392041041926424,0.31626005977254723,0.3420098264958633,0.31929388316217866,0.331716754260188,0.32864018682200824,0.009557345147162432
6.16493673324585,0.10985239276208321,0.2306741714477539,0.054630526859276544,1.0,0.01,3,300,1.0,"{'colsample_bytree': 1.0, 'learning_rate': 0.01, 'max_depth': 3, 'n_estimators': 300, 'subsample': 1.0}",0.17368300873750064,0.23123435006147297,0.11257483552024583,0.18382143990385713,0.1634958917485435,0.17296190519432403,0.038079734530587585,81,0.31311075725213533,0.29944911871897273,0.328813071823467,0.2916382578306794,0.3178554561665753,0.31017333235836597,0.01321848043058111
10.775495195388794,0.7446744424458763,0.28600163459777833,0.10954223989535453,1.0,0.01,3,500,0.8,"{'colsample_bytree': 1.0, 'learning_rate': 0.01, 'max_depth': 3, 'n_estimators': 500, 'subsample': 0.8}",0.22385069255392365,0.2599035369248117,0.1494048089429948,0.22215968021831023,0.18362053754890484,0.20778785123778903,0.037876767846673175,35,0.4157841209924048,0.3997669580114084,0.4276327535590897,0.4040513185814343,0.4160250689610048,0.4126520440210683,0.009855016805938756
10.170560169219971,1.2732409282331605,0.35382909774780275,0.06268677111530738,1.0,0.01,3,500,1.0,"{'colsample_bytree': 1.0, 'learning_rate': 0.01, 'max_depth': 3, 'n_estimators': 500, 'subsample': 1.0}",0.2055250303076288,0.24405715934590277,0.14154240098474102,0.20008163389008693,0.185334433234835,0.1953081315526389,0.03314775255476034,55,0.3956058576279988,0.36829024449052716,0.4058147296891549,0.36334608261195367,0.3895417048341093,0.38451972385074873,0.016206906011914386
3.666105031967163,0.21085924127696543,0.21517953872680665,0.04258239240795765,1.0,0.01,5,100,0.8,"{'colsample_bytree': 1.0, 'learning_rate': 0.01, 'max_depth': 5, 'n_estimators': 100, 'subsample': 0.8}",-0.2081878673063271,-0.086816639462586,-0.26266951169432096,-0.0993794160634307,-0.24335236153532214,-0.18008115921239737,0.07324631054242808,98,-0.03584282078085477,-0.04028169476309329,-0.03645254381962859,-0.04153451326812707,-0.016864489643999114,-0.03419521245514057,0.008933920914684758
3.9694118976593016,0.22321039835482384,0.23734865188598633,0.08549140214415221,1.0,0.01,5,100,1.0,"{'colsample_bytree': 1.0, 'learning_rate': 0.01, 'max_depth': 5, 'n_estimators': 100, 'subsample': 1.0}",-0.20100981068535306,-0.08167670493595414,-0.2713900966453624,-0.10644907795200598,-0.24044928188611903,-0.18019499442095893,0.07419527742743608,99,-0.033979580432216494,-0.045157835030347426,-0.03389926444891911,-0.04343920423432279,-0.020502634378082085,-0.035395703704777584,0.008786869275524562
11.632551574707032,0.5657450261728695,0.3795028209686279,0.060903677553422,1.0,0.01,5,300,0.8,"{'colsample_bytree': 1.0, 'learning_rate': 0.01, 'max_depth': 5, 'n_estimators': 300, 'subsample': 0.8}",0.22676354434533885,0.2790818498912484,0.14765800939966967,0.2571525904432189,0.19019265472946312,0.2201697297617878,0.04698600406601956,18,0.5536871883400831,0.5401592068406793,0.5610403528849177,0.5523595702168119,0.5488331620085818,0.5512158960582147,0.0068097434029141
11.660819244384765,1.064113540461517,0.3444643020629883,0.17029763104474063,1.0,0.01,5,300,1.0,"{'colsample_bytree': 1.0, 'learning_rate': 0.01, 'max_depth': 5, 'n_estimators': 300, 'subsample': 1.0}",0.22092773488811235,0.27978854621754623,0.13041823619893722,0.2572229739720622,0.18073299632332962,0.21381809751999753,0.05354771915636901,24,0.5307627354345419,0.527050164503087,0.5361603523752285,0.5170244615112645,0.5433818951886946,0.5308759218025634,0.00884123022075293
19.741303825378417,1.4170853975782407,0.6760058879852295,0.23969708143586543,1.0,0.01,5,500,0.8,"{'colsample_bytree': 1.0, 'learning_rate': 0.01, 'max_depth': 5, 'n_estimators': 500, 'subsample': 0.8}",0.2486689860339497,0.2954288853699375,0.1717198322519916,0.24703853040440704,0.1960165461604899,0.23177455604415514,0.04348675531804829,7,0.6717322232527339,0.6634545500504294,0.6813074654762699,0.6712258155702918,0.6711908150595315,0.6717821738818514,0.005669960026830747
18.53907890319824,1.0526490303336167,0.5102312088012695,0.32357443038685757,1.0,0.01,5,500,1.0,"{'colsample_bytree': 1.0, 'learning_rate': 0.01, 'max_depth': 5, 'n_estimators': 500, 'subsample': 1.0}",0.2438357238472596,0.29549330149909814,0.15953428475938003,0.2583923285343386,0.18341694732374525,0.2281345171927643,0.04980948063515945,12,0.6313987082748209,0.6197969933285428,0.6414682874355601,0.6214757162881486,0.6355604588695187,0.6299400328393182,0.008260066367995138
5.944554328918457,0.5799519992190937,0.37222771644592284,0.09333216582787633,1.0,0.01,7,100,0.8,"{'colsample_bytree': 1.0, 'learning_rate': 0.01, 'max_depth': 7, 'n_estimators': 100, 'subsample': 0.8}",-0.215204767445061,-0.09299618906341389,-0.26753638922339285,-0.11069450990334873,-0.25333625039476204,-0.1879536212059957,0.0725765999956974,102,0.07100235985441461,0.07666694290279374,0.07450038254528069,0.07921875207481699,0.09345759155218225,0.07896920578589765,0.007729385811276026
6.103314065933228,0.5161073336685871,0.3202806949615479,0.04299218476597692,1.0,0.01,7,100,1.0,"{'colsample_bytree': 1.0, 'learning_rate': 0.01, 'max_depth': 7, 'n_estimators': 100, 'subsample': 1.0}",-0.21916891042410214,-0.07327989848559335,-0.26987847587356506,-0.14668414240104255,-0.29715190732725905,-0.20123266690231242,0.08195353448809581,104,0.06298056537383545,0.09220470868917507,0.0941004892514804,0.07959685865375965,0.10907274080279328,0.08759107255420877,0.015457714801536286
19.54740614891052,1.1851256317634893,0.7406951904296875,0.516833935840678,1.0,0.01,7,300,0.8,"{'colsample_bytree': 1.0, 'learning_rate': 0.01, 'max_depth': 7, 'n_estimators': 300, 'subsample': 0.8}",0.23114712549973127,0.28593586796933934,0.16654426284019053,0.27060681306530343,0.18688636254850244,0.2282240863846134,0.04614910065572982,11,0.7529230334377018,0.745455181991264,0.7594844161003081,0.7590026264350347,0.7405788091384305,0.7514888134205479,0.007454890166154378
18.24426875114441,1.2569580535204634,0.8245020866394043,0.5024184016688162,1.0,0.01,7,300,1.0,"{'colsample_bytree': 1.0, 'learning_rate': 0.01, 'max_depth': 7, 'n_estimators': 300, 'subsample': 1.0}",0.22581854204464147,0.25209468519423806,0.1551738593717128,0.23799154703142367,0.15390946474694067,0.20499761967779132,0.04203010896002962,38,0.7154377214068539,0.7451824323118699,0.7623934547102239,0.7463108829157009,0.7477478961205892,0.7434144774930476,0.015317922854824475
29.00672640800476,2.679777038224497,1.1536638259887695,0.7071834190849257,1.0,0.01,7,500,0.8,"{'colsample_bytree': 1.0, 'learning_rate': 0.01, 'max_depth': 7, 'n_estimators': 500, 'subsample': 0.8}",0.24725645748579106,0.2872429762527373,0.18896402077573082,0.25756705418460824,0.19300481101996525,0.23480706394376655,0.038135396710702575,6,0.8688644328113895,0.8610744313660167,0.8713574778534751,0.8707180322397925,0.8573897101619219,0.8658808168865191,0.005612391057085351
33.65804009437561,1.96392614916377,0.4749765396118164,0.8726704620879513,1.0,0.01,7,500,1.0,"{'colsample_bytree': 1.0, 'learning_rate': 0.01, 'max_depth': 7, 'n_estimators': 500, 'subsample': 1.0}",0.25058890974974257,0.2683772769928775,0.17639006532290968,0.21532285440143473,0.17161303719360887,0.21645842873211468,0.038673838590999154,21,0.8317724523460794,0.8373252169473421,0.83856485949062,0.8471002201854645,0.8355729574927905,0.8380671412924594,0.0050643607925210275
2.1481732368469237,0.13010022568648288,0.0929708480834961,0.02480454866407363,1.0,0.05,3,100,0.8,"{'colsample_bytree': 1.0, 'learning_rate': 0.05, 'max_depth': 3, 'n_estimators': 100, 'subsample': 0.8}",0.21778338936360453,0.25509114295477453,0.13634467128756556,0.20876387179324707,0.17255379012314354,0.19810737310446705,0.04053510465113788,50,0.4140766405032881,0.3990768594281081,0.4296629390985761,0.3992126774280558,0.41922982441441214,0.412251788174488,0.011821746138527147
2.0044877529144287,0.11856138581910497,0.08855319023132324,0.02458707687949499,1.0,0.05,3,100,1.0,"{'colsample_bytree': 1.0, 'learning_rate': 0.05, 'max_depth': 3, 'n_estimators': 100, 'subsample': 1.0}",0.2067904264590108,0.25055119517799807,0.14157156393933845,0.20531327661401944,0.1867457072798986,0.19819443389405306,0.035222215163122836,49,0.40094336587550583,0.37423373602826926,0.40949699086626234,0.3662745989464977,0.3948586157460311,0.3891614614925133,0.01631839487893963
6.122499656677246,0.4162158499699989,0.2367875576019287,0.07400952983108747,1.0,0.05,3,300,0.8,"{'colsample_bytree': 1.0, 'learning_rate': 0.05, 'max_depth': 3, 'n_estimators': 300, 'subsample': 0.8}",0.2115465866059496,0.2699445786500031,0.1489967088638432,0.19500407711434664,0.17543594410719598,0.2001855790682677,0.04063270441633447,47,0.61541664640125,0.6077227349799115,0.6233089803289664,0.6128200363066036,0.6179220272975519,0.6154380850628567,0.005186563932395
6.149205303192138,0.32750892503033335,0.2148289203643799,0.04769501016310597,1.0,0.05,3,300,1.0,"{'colsample_bytree': 1.0, 'learning_rate': 0.05, 'max_depth': 3, 'n_estimators': 300, 'subsample': 1.0}",0.2051254073038623,0.25357414927468214,0.1664114902878423,0.19490072051685037,0.1646954552342903,0.19694144452350548,0.03240458911810924,53,0.5563508217696289,0.5792606591147147,0.5817631161043404,0.5576919701623065,0.5918087659971838,0.5733750666296349,0.014004179898306612
11.70280156135559,1.0456265502123976,0.28948202133178713,0.11220340382744821,1.0,0.05,3,500,0.8,"{'colsample_bytree': 1.0, 'learning_rate': 0.05, 'max_depth': 3, 'n_estimators': 500, 'subsample': 0.8}",0.2021056250990434,0.2580501008424291,0.1411879893040182,0.15475319016307787,0.15860121023386187,0.18293962312848608,0.04275266486783542,69,0.7294747873797107,0.7208799759536126,0.7377391709041126,0.7370475907252897,0.7321753316433433,0.7314633713212138,0.006116187993468191
12.360094928741455,1.8186456857106137,0.31016087532043457,0.10079044007051013,1.0,0.05,3,500,1.0,"{'colsample_bytree': 1.0, 'learning_rate': 0.05, 'max_depth': 3, 'n_estimators': 500, 'subsample': 1.0}",0.1933090169739886,0.24936947703199863,0.16894922929027478,0.17899847619498732,0.14043653763675235,0.18621254742560034,0.036012957907701156,64,0.6655100283293193,0.6806077615445822,0.6850624344889962,0.688601618978556,0.7003032526859959,0.68401701920549,0.011326823016758596
3.981262969970703,0.4093138953291227,0.17606749534606933,0.0346764925051512,1.0,0.05,5,100,0.8,"{'colsample_bytree': 1.0, 'learning_rate': 0.05, 'max_depth': 5, 'n_estimators': 100, 'subsample': 0.8}",0.2514920484604639,0.2645833855879418,0.16311040520312503,0.2644237539185975,0.18853578886426015,0.2264290764068777,0.04236190449037696,14,0.6568559359010613,0.6586971557008479,0.683301474498727,0.6719644598787458,0.6697501138763675,0.6681138279711499,0.009628948594795532
3.6642871379852293,0.22983292178621548,0.18437542915344238,0.05993964738350858,1.0,0.05,5,100,1.0,"{'colsample_bytree': 1.0, 'learning_rate': 0.05, 'max_depth': 5, 'n_estimators': 100, 'subsample': 1.0}",0.23581150915776672,0.3051617363832987,0.16268156078269835,0.24808933077922068,0.17118650329543283,0.22458612807968342,0.0526394030177149,17,0.6357260843766928,0.6224177270405205,0.6421702091659898,0.6255091484896342,0.6254908007033215,0.6302627939552318,0.007463889320398439
12.380273151397706,0.704123089234384,0.5257033348083496,0.12115101894084734,1.0,0.05,5,300,0.8,"{'colsample_bytree': 1.0, 'learning_rate': 0.05, 'max_depth': 5, 'n_estimators': 300, 'subsample': 0.8}",0.24188518231540457,0.24379340399014915,0.17053094125579482,0.19150009588781924,0.16535985969316558,0.20261389662846668,0.0339961220329037,41,0.892532386439297,0.895108820301917,0.9078564394204821,0.9033459850935865,0.8985605714242157,0.8994808405358997,0.005537733645167547
11.434050512313842,0.18986234480113792,0.4353804111480713,0.13235098829462205,1.0,0.05,5,300,1.0,"{'colsample_bytree': 1.0, 'learning_rate': 0.05, 'max_depth': 5, 'n_estimators': 300, 'subsample': 1.0}",0.22841911696159756,0.27071271361117133,0.1752974081207922,0.20301252106552414,0.12356146479000263,0.20020064490981757,0.04953761354163976,46,0.8490867784731393,0.8508171797317083,0.8669363981018313,0.8556416131728641,0.8550679684289382,0.8555099875816963,0.0062298575324234474
20.98763761520386,0.7317355936925195,0.7484189987182617,0.22005338476707065,1.0,0.05,5,500,0.8,"{'colsample_bytree': 1.0, 'learning_rate': 0.05, 'max_depth': 5, 'n_estimators': 500, 'subsample': 0.8}",0.22863883553428688,0.22152266205019178,0.1608545170396838,0.1468671551009032,0.14757157786170327,0.18109094951735377,0.03633140355915171,75,0.9641310496526335,0.96383961589373,0.9661922374164501,0.9683910849290948,0.9645149838817495,0.9654137943547315,0.0016971484807590466
19.78911280632019,0.8890865416262687,0.7139610767364502,0.17515665301724412,1.0,0.05,5,500,1.0,"{'colsample_bytree': 1.0, 'learning_rate': 0.05, 'max_depth': 5, 'n_estimators': 500, 'subsample': 1.0}",0.21486704179155447,0.23950288635393568,0.17139595711765554,0.16089337015543514,0.097855561014071,0.17690296328653038,0.04877529624712073,78,0.9346665628906509,0.934634458455568,0.945203412690181,0.9426298174342431,0.9403512931895583,0.9394971089320403,0.004244642284104889
5.68374924659729,0.2654775822766098,0.29764556884765625,0.1399594442468594,1.0,0.05,7,100,0.8,"{'colsample_bytree': 1.0, 'learning_rate': 0.05, 'max_depth': 7, 'n_estimators': 100, 'subsample': 0.8}",0.23876386223989166,0.2774432809521514,0.17867517742508787,0.22505802880578263,0.15770705168833532,0.21552948022224977,0.04281500050892672,22,0.8555690785274963,0.857816171881053,0.8646706321690919,0.86936066067651,0.8630080609961759,0.8620849208500655,0.004922456697825621
5.987290096282959,0.2689420793589519,0.3133868217468262,0.029562604931631924,1.0,0.05,7,100,1.0,"{'colsample_bytree': 1.0, 'learning_rate': 0.05, 'max_depth': 7, 'n_estimators': 100, 'subsample': 1.0}",0.23100677387701707,0.26009931450713153,0.1792259062524283,0.21273745088575557,0.16176928845721827,0.20896774679591018,0.03528919990217152,33,0.8272212198442364,0.8283765625435034,0.842659231365539,0.8413576341977274,0.8501480657289138,0.837952542735984,0.008824273731511567
18.737026500701905,1.5831500089428507,0.9710417747497558,0.23503715769029931,1.0,0.05,7,300,0.8,"{'colsample_bytree': 1.0, 'learning_rate': 0.05, 'max_depth': 7, 'n_estimators': 300, 'subsample': 0.8}",0.22385983117576091,0.25681591576275997,0.17483757270827116,0.1797998941393808,0.1417651001525102,0.19541566278773662,0.04031068015689406,54,0.9884918617894126,0.9875739963259106,0.988171028941825,0.9900661063544689,0.9873664612128309,0.9883338909248897,0.0009555531553367366
17.31233048439026,1.3892317703527313,0.41681585311889646,0.22550693271583247,1.0,0.05,7,300,1.0,"{'colsample_bytree': 1.0, 'learning_rate': 0.05, 'max_depth': 7, 'n_estimators': 300, 'subsample': 1.0}",0.21565071517976997,0.22894088849835603,0.19304453743609262,0.1660025784889141,0.12665519443022533,0.1860587828066716,0.03659069789305254,65,0.9717465026875787,0.9664303844315569,0.970426713382237,0.9773075779882977,0.9777782312900317,0.9727378819559404,0.004298746358829102
30.963271856307983,1.5546288919984261,1.0417832374572753,0.7380288467914417,1.0,0.05,7,500,0.8,"{'colsample_bytree': 1.0, 'learning_rate': 0.05, 'max_depth': 7, 'n_estimators': 500, 'subsample': 0.8}",0.21921502522436243,0.24978968155876358,0.16954601298845196,0.17211690016457892,0.13542456422054494,0.18921843683134038,0.04035323667250273,62,0.9988845954795817,0.9986376736771277,0.998822428047616,0.9989278371591298,0.998729179333731,0.9988003427394372,0.00010522981160899299
30.02614402770996,2.6160608315913136,1.1770957946777343,0.7193613531329281,1.0,0.05,7,500,1.0,"{'colsample_bytree': 1.0, 'learning_rate': 0.05, 'max_depth': 7, 'n_estimators': 500, 'subsample': 1.0}",0.21123063914592188,0.2105562419116761,0.18938478909693202,0.14721224337946437,0.11637096861087282,0.17495097642897345,0.03739876584125111,79,0.994684586465168,0.9937653578619763,0.9948522946862143,0.9971854186338955,0.9957592644656609,0.9952493844225829,0.0011564789621707258
2.059824991226196,0.10841362454570463,0.09943504333496093,0.02308581884550372,1.0,0.1,3,100,0.8,"{'colsample_bytree': 1.0, 'learning_rate': 0.1, 'max_depth': 3, 'n_estimators': 100, 'subsample': 0.8}",0.22308171287336598,0.2970444866231621,0.13336222263865882,0.2133857833312457,0.17796445867002875,0.20896773282729225,0.05413618815832662,34,0.5284109995510979,0.5226933891487797,0.5418885888281872,0.5233095321989323,0.5464376175987855,0.5325480254651566,0.009795361062758998
2.0422682762145996,0.1277893846156049,0.09412851333618164,0.022226994704608385,1.0,0.1,3,100,1.0,"{'colsample_bytree': 1.0, 'learning_rate': 0.1, 'max_depth': 3, 'n_estimators': 100, 'subsample': 1.0}",0.20690187592792075,0.25732969576754205,0.15695366095919427,0.20715017356541554,0.16473417510789834,0.1986139162655942,0.03597920082403543,48,0.49885266822664365,0.5017223037665509,0.5110571265094911,0.4985522986210945,0.5142605400194233,0.5048889874286407,0.006519058178147278
6.088192749023437,0.11864382315798797,0.25353174209594725,0.06486596008450128,1.0,0.1,3,300,0.8,"{'colsample_bytree': 1.0, 'learning_rate': 0.1, 'max_depth': 3, 'n_estimators': 300, 'subsample': 0.8}",0.19153617386196176,0.2741346234743417,0.1291824004717974,0.14625088349126292,0.16347927095312476,0.1809166704504977,0.050959935234701326,77,0.7687830538410467,0.7603682418226512,0.7725202116716258,0.771776123729544,0.7749833805661314,0.7696862023261998,0.005061611262822319
6.135896062850952,0.3429452524355587,0.19140920639038086,0.06232467585534752,1.0,0.1,3,300,1.0,"{'colsample_bytree': 1.0, 'learning_rate': 0.1, 'max_depth': 3, 'n_estimators': 300, 'subsample': 1.0}",0.18878205278279747,0.251091392529039,0.15740104019891998,0.14366360991501603,0.12242717783608714,0.17267305465237193,0.04474006254483466,82,0.7182656566098496,0.7289924874474483,0.729988486703876,0.7400465838403196,0.7366675793160433,0.7307921587835073,0.007496171182708718
11.036744451522827,0.638773758147213,0.259027099609375,0.11192094676087593,1.0,0.1,3,500,0.8,"{'colsample_bytree': 1.0, 'learning_rate': 0.1, 'max_depth': 3, 'n_estimators': 500, 'subsample': 0.8}",0.1696181563491217,0.24791708295298887,0.10745402762925405,0.08376898377608988,0.13005845124353088,0.14776334039019706,0.057518669322822874,91,0.8757696204853711,0.8686812451878039,0.8787331011074675,0.8819472820824675,0.8794886197131695,0.8769239737152559,0.004568568329894604
10.900396156311036,0.9005469903542754,0.4533874988555908,0.14257626645315513,1.0,0.1,3,500,1.0,"{'colsample_bytree': 1.0, 'learning_rate': 0.1, 'max_depth': 3, 'n_estimators': 500, 'subsample': 1.0}",0.1757664726081707,0.2107963244260388,0.14914529423762557,0.06623629151447019,0.09796886966022877,0.1399826504893068,0.0521204290540862,95,0.8343468237889095,0.8364034429225575,0.8388217667495119,0.8563631593284368,0.8528509288551154,0.8437572243289063,0.00903988429169221
3.8563841819763183,0.6952767018655084,0.20907678604125976,0.07111535030565756,1.0,0.1,5,100,0.8,"{'colsample_bytree': 1.0, 'learning_rate': 0.1, 'max_depth': 5, 'n_estimators': 100, 'subsample': 0.8}",0.214650532093973,0.2620958481695863,0.13580203224243137,0.20984475570929695,0.15323366496203938,0.1951253666354654,0.04551287855190884,57,0.8087608816108497,0.820996542077635,0.8353112986744,0.8304403848043376,0.824005236708619,0.8239028687751683,0.00906232175491814
3.8895941257476805,0.15268998427383873,0.22653074264526368,0.11316165165919942,1.0,0.1,5,100,1.0,"{'colsample_bytree': 1.0, 'learning_rate': 0.1, 'max_depth': 5, 'n_estimators': 100, 'subsample': 1.0}",0.23213778265739005,0.2516272699227714,0.14067871473986404,0.19782504064200257,0.154156294179157,0.195285020428237,0.042924230007102014,56,0.755145878819776,0.7714951222658453,0.7890327717597808,0.780651988196742,0.7889099764456751,0.7770471474975638,0.012711155179163935
11.054148149490356,0.3359776035970414,0.4784538745880127,0.10092237393478673,1.0,0.1,5,300,0.8,"{'colsample_bytree': 1.0, 'learning_rate': 0.1, 'max_depth': 5, 'n_estimators': 300, 'subsample': 0.8}",0.17398039658610587,0.23048727259008983,0.12823945841431383,0.14134869759244295,0.13591810768122903,0.1619947865728363,0.037631241912819496,86,0.9770756737389076,0.9779205619995736,0.9798893994451163,0.9803008133705535,0.9792593383365283,0.978889157378136,0.0012130284986399402
11.732425975799561,0.9518970603968435,0.4099782943725586,0.10311003739366068,1.0,0.1,5,300,1.0,"{'colsample_bytree': 1.0, 'learning_rate': 0.1, 'max_depth': 5, 'n_estimators': 300, 'subsample': 1.0}",0.1986968874085353,0.21649365097600548,0.1368705751571101,0.11361145469151102,0.12013090584158082,0.15716069481494854,0.042249462776352095,88,0.9581733633948516,0.9551149099931472,0.9666826297701602,0.9680920178346198,0.9659503793332265,0.962802660065201,0.005166652609709361
19.487169599533082,1.6272880284693483,0.574007511138916,0.2528539068258823,1.0,0.1,5,500,0.8,"{'colsample_bytree': 1.0, 'learning_rate': 0.1, 'max_depth': 5, 'n_estimators': 500, 'subsample': 0.8}",0.1694181503791452,0.22174322858911732,0.1246197280369773,0.11816264425675238,0.12807013604047457,0.15240277746049335,0.03907424490335432,90,0.9969348937934135,0.9968763866376413,0.9970241951019946,0.9969314512247576,0.9969294119006054,0.9969392677316826,4.763204118794288e-05
20.357990884780882,0.8672047090543443,0.5007250308990479,0.22353228073773965,1.0,0.1,5,500,1.0,"{'colsample_bytree': 1.0, 'learning_rate': 0.1, 'max_depth': 5, 'n_estimators': 500, 'subsample': 1.0}",0.19355341468448484,0.18629304328995855,0.13354601907390984,0.08687957776182487,0.09703939504762693,0.13946228997156102,0.04408767430353105,96,0.990626148742077,0.9902521453684703,0.9924948449000682,0.9934263508807157,0.9922083266329165,0.9918015633048494,0.0011889765159976656
5.533139371871949,0.43052829887230937,0.31490044593811034,0.01904911552895604,1.0,0.1,7,100,0.8,"{'colsample_bytree': 1.0, 'learning_rate': 0.1, 'max_depth': 7, 'n_estimators': 100, 'subsample': 0.8}",0.21344293376043355,0.2874895991229446,0.1616680476905067,0.13633654360225522,0.14855305256365103,0.18949803534795823,0.055592893006031895,61,0.9591558979175413,0.9648225450426959,0.9616795736132423,0.9647542913657479,0.9598256177551541,0.9620475851388763,0.0023858368590391494
5.57746319770813,0.44495720622924645,0.35155396461486815,0.08824672589792548,1.0,0.1,7,100,1.0,"{'colsample_bytree': 1.0, 'learning_rate': 0.1, 'max_depth': 7, 'n_estimators': 100, 'subsample': 1.0}",0.23420292584049396,0.25796507423601067,0.16372618742421263,0.19640316517838574,0.160955129958681,0.2026504965275568,0.03833508284609392,40,0.9388206592382861,0.9347865577588709,0.9397787905822641,0.9451784192751973,0.9392246209537284,0.9395578095616693,0.0033184133309972497
18.83260498046875,1.1200225516477273,0.6585966110229492,0.20873955530731647,1.0,0.1,7,300,0.8,"{'colsample_bytree': 1.0, 'learning_rate': 0.1, 'max_depth': 7, 'n_estimators': 300, 'subsample': 0.8}",0.19281590429009565,0.27398937938062495,0.16041332414810194,0.11102515247996614,0.12479498463405103,0.17260774898656794,0.05816147375504495,83,0.9996053320706461,0.9995365601788181,0.9995399623317134,0.9996305152708003,0.999576279280804,0.9995777298265563,3.6528385256951605e-05
16.531878566741945,0.9259263782413109,0.5765408515930176,0.15963978918907643,1.0,0.1,7,300,1.0,"{'colsample_bytree': 1.0, 'learning_rate': 0.1, 'max_depth': 7, 'n_estimators': 300, 'subsample': 1.0}",0.22199629917996033,0.23984224382255281,0.15799881201396837,0.1668708689972388,0.1300119003665945,0.18334402487606297,0.041095272811640035,68,0.9986031769616637,0.9973302963068091,0.9983910391429079,0.9989188775644355,0.9982045809775374,0.9982895941906706,0.0005351826741372375
22.984831237792967,1.7230872519515867,0.39329957962036133,0.311538796548127,1.0,0.1,7,500,0.8,"{'colsample_bytree': 1.0, 'learning_rate': 0.1, 'max_depth': 7, 'n_estimators': 500, 'subsample': 0.8}",0.19111989520315853,0.2738761572397277,0.16042536470220292,0.10884078476366621,0.12269796039915637,0.17139203246158236,0.058815343991554345,84,0.9999951396650557,0.9999927865725835,0.999993330905679,0.9999940141851452,0.9999936263703465,0.9999937795397619,7.893942612296029e-07
17.25078740119934,1.908303442325656,0.26473169326782225,0.20930175598037024,1.0,0.1,7,500,1.0,"{'colsample_bytree': 1.0, 'learning_rate': 0.1, 'max_depth': 7, 'n_estimators': 500, 'subsample': 1.0}",0.21993567680553106,0.2369901696618637,0.15806401431278383,0.16344349533255187,0.12685968539273884,0.18105860830109385,0.04102763169806367,76,0.9999300462729427,0.9999269284766987,0.9999317924191614,0.9999520580466339,0.9999288606990735,0.999933937182902,9.19779913793733e-06
